<?xml version="1.0" encoding="UTF-8"?>
<configuration>

    <appender name="consoleAppender" class="ch.qos.logback.core.ConsoleAppender">
        <encoder>
            <!-- %l lowers performance -->
            <!--<pattern>%d [%t] %-5p %l%n  %m%n</pattern>-->
            <pattern>%d [%p] [%t] [%C] %-5p %m%n</pattern>
        </encoder>
    </appender>
    
    <appender name="fileAppender" class="ch.qos.logback.core.FileAppender">
        <file>/home/parham/Desktop/Work/mavara/examples/logs/rhSummitHaCepEventProducer.log</file>
        <append>true</append>
        <encoder>
        <!-- 
            <pattern>%-4relative [%thread] %-5level %logger{35} - %msg %n</pattern>
        -->
            <pattern>%d [%p] [%t] [%C] %-5p %m%n</pattern>
        </encoder>
    </appender>

    <logger name="org.kie" level="info"/>
    <logger name="org.jboss.weld" level="warn"/>
    <logger name="org.drools" level="info" />
    <logger name="org.hornetq" level="info" />
    <logger name="org.infinispan" level="info" />

    <root level="debug"><!-- TODO We probably want to set default level to warn instead -->
        <appender-ref ref="consoleAppender"/>
        <appender-ref ref="fileAppender" />
    </root>

</configuration>